{
    "portfolio": [
        {
            "cover": "/portfolio/1/pro1.jpg",
            "title": "Get Enquiry Form Data on WhatsApp",
            "description": "HTML, CSS, JavaScript",
            "url": "https://youtu.be/2ofv2_tJvoM?si=MgrYiOSXgblpMKfM"
        },
        {
            "cover": "/portfolio/2/audibleMultiplicationTable.png",
            "title": "Audible Multiplication Table",
            "description": "HTML, CSS, JavaScript",
            "url": "https://aaradhyaketables.netlify.app/"
        },
        {
            "cover": "/portfolio/3/noadsyoutube.png",
            "title": "Ad Free Youtube Videos",
            "description": "HTML, CSS, JavaScript",
            "url": "https://noadsyoutube.netlify.app/"
        },
        {
            "cover": "/portfolio/4/hotelmanagement.png",
            "title": "GUI Hotel Management",
            "description": "Python, tkinter, Database & Canva",
            "url": "https://www.youtube.com/watch?v=qryapNdphA0"
        }
        
    ]
}